TICKER,COMPANY,WEBSITE,INDUSTRY,SECTOR,PRICE,CURRENCY,CRITERIA PASSED
VICI,VICI Properties Inc.,https://www.viciproperties.com,REIT—Diversified,Real Estate,31.42,NOK,4
ARE,"Alexandria Real Estate Equities, Inc.",https://www.are.com,REIT - Office,Real Estate,128.31,NOK,3
CRM,"Salesforce, Inc.",https://www.salesforce.com,Software—Application,Technology,267.12,NOK,3
TSLA,"Tesla, Inc.",https://www.tesla.com,Auto Manufacturers,Consumer Cyclical,256.255,NOK,3
AMAT,"Applied Materials, Inc.",https://www.appliedmaterials.com,Semiconductor Equipment & Materials,Technology,162.0258,NOK,2
ACGL,Arch Capital Group Ltd.,https://www.archgroup.com,Insurance - Diversified,Financial Services,73.85,NOK,2
BRO,"Brown & Brown, Inc.",https://www.bbinsurance.com,Insurance Brokers,Financial Services,70.46,NOK,2
BLDR,"Builders FirstSource, Inc.",https://www.bldr.com,Building Products & Equipment,Industrials,166.635,NOK,2
CDNS,"Cadence Design Systems, Inc.",https://www.cadence.com,Software - Application,Technology,273.3,NOK,2
CCL,Carnival Corporation & plc,https://www.carnivalcorp.com,Travel Services,Consumer Cyclical,18.995,NOK,2
CPRT,"Copart, Inc.",https://www.copart.com,Specialty Business Services,Industrials,48.76,NOK,2
DXCM,"DexCom, Inc.",https://www.dexcom.com,Medical Devices,Healthcare,120.34,NOK,2
DHI,"D.R. Horton, Inc.",https://www.drhorton.com,Residential Construction,Consumer Cyclical,150.31,NOK,2
ENPH,"Enphase Energy, Inc.",https://www.enphase.com,Solar,Technology,135.105,NOK,2
FTNT,"Fortinet, Inc.",https://www.fortinet.com,Software—Infrastructure,Technology,58.88,NOK,2
HSY,The Hershey Company,https://www.thehersheycompany.com,Confectioners,Consumer Defensive,183.0,NOK,2
INVH,Invitation Homes Inc.,https://www.invitationhomes.com,REIT—Residential,Real Estate,34.43,NOK,2
MPWR,"Monolithic Power Systems, Inc.",https://www.monolithicpower.com,Semiconductors,Technology,620.25,NOK,2
ON,ON Semiconductor Corporation,https://www.onsemi.com,Semiconductors,Technology,84.245,NOK,2
POOL,Pool Corporation,https://www.poolcorp.com,Industrial Distribution,Industrials,396.36,NOK,2
NOW,"ServiceNow, Inc.",https://www.servicenow.com,Software—Application,Technology,696.325,NOK,2
UBER,"Uber Technologies, Inc.",https://www.uber.com,Software—Application,Technology,61.905,NOK,2
WAB,Westinghouse Air Brake Technologies Corporation,https://www.wabteccorp.com,Railroads,Industrials,126.91,NOK,2
ADBE,Adobe Inc.,https://www.adobe.com,Software - Infrastructure,Technology,596.69,NOK,1
AMD,"Advanced Micro Devices, Inc.",https://www.amd.com,Semiconductors,Technology,139.325,NOK,1
ADM,Archer-Daniels-Midland Company,https://www.adm.com,Farm Products,Consumer Defensive,71.88,NOK,1
AJG,Arthur J. Gallagher & Co.,https://www.ajg.com,Insurance Brokers,Financial Services,222.295,NOK,1
ATO,Atmos Energy Corporation,https://www.atmosenergy.com,Utilities - Regulated Gas,Utilities,115.35,NOK,1
ADSK,"Autodesk, Inc.",https://www.autodesk.com,Software - Application,Technology,241.3,NOK,1
AXON,"Axon Enterprise, Inc.",https://www.axon.com,Aerospace & Defense,Industrials,258.6529,NOK,1
CZR,"Caesars Entertainment, Inc.",https://www.caesars.com,Resorts & Casinos,Consumer Cyclical,47.055,NOK,1
CNC,Centene Corporation,https://www.centene.com,Healthcare Plans,Healthcare,73.05,NOK,1
CRL,"Charles River Laboratories International, Inc.",https://www.criver.com,Diagnostics & Research,Healthcare,235.95,NOK,1
CSGP,"CoStar Group, Inc.",https://www.costargroup.com,Real Estate Services,Real Estate,86.88,NOK,1
DHR,Danaher Corporation,https://www.danaher.com,Diagnostics & Research,Healthcare,229.735,NOK,1
ELV,"Elevance Health, Inc.",https://www.elevancehealth.com,Healthcare Plans,Healthcare,466.05,NOK,1
EPAM,"EPAM Systems, Inc.",https://www.epam.com,Information Technology Services,Technology,296.28,NOK,1
ETSY,"Etsy, Inc.",https://www.etsy.com,Internet Retail,Consumer Cyclical,85.515,NOK,1
GNRC,Generac Holdings Inc.,https://www.generac.com,Specialty Industrial Machinery,Industrials,129.49,NOK,1
INCY,Incyte Corporation,https://www.incyte.com,Biotechnology,Healthcare,62.92,NOK,1
IR,Ingersoll Rand Inc.,https://www.irco.com,Specialty Industrial Machinery,Industrials,76.62,NOK,1
PODD,Insulet Corporation,https://www.insulet.com,Medical Devices,Healthcare,214.34,NOK,1
INTU,Intuit Inc.,https://www.intuit.com,Software—Application,Technology,620.5,NOK,1
IQV,IQVIA Holdings Inc.,https://www.iqvia.com,Diagnostics & Research,Healthcare,228.47,NOK,1
IRM,Iron Mountain Incorporated,https://www.ironmountain.com,REIT—Specialty,Real Estate,69.2622,NOK,1
L,Loews Corporation,https://www.loews.com,Insurance—Property & Casualty,Financial Services,68.705,NOK,1
LULU,Lululemon Athletica Inc.,https://shop.lululemon.com,Apparel Retail,Consumer Cyclical,507.865,NOK,1
MOH,"Molina Healthcare, Inc.",https://www.molinahealthcare.com,Healthcare Plans,Healthcare,358.97,NOK,1
MOS,The Mosaic Company,https://www.mosaicco.com,Agricultural Inputs,Basic Materials,36.365,NOK,1
PAYC,"Paycom Software, Inc.",https://www.paycom.com,Software—Application,Technology,207.815,NOK,1
PCG,PG&E Corporation,https://www.pgecorp.com,Utilities—Regulated Electric,Utilities,17.555,NOK,1
PHM,"PulteGroup, Inc.",https://www.pultegroup.com,Residential Construction,Consumer Cyclical,102.85,NOK,1
QCOM,QUALCOMM Incorporated,https://www.qualcomm.com,Semiconductors,Technology,143.86,NOK,1
O,Realty Income Corporation,https://www.realtyincome.com,REIT—Retail,Real Estate,57.285,NOK,1
SPGI,S&P Global Inc.,https://www.spglobal.com,Financial Data & Stock Exchanges,Financial Services,434.685,NOK,1
SNPS,"Synopsys, Inc.",https://www.synopsys.com,Software—Infrastructure,Technology,545.19,NOK,1
SYY,Sysco Corporation,https://www.sysco.com,Food Distribution,Consumer Defensive,73.77,NOK,1
TXN,Texas Instruments Incorporated,https://www.ti.com,Semiconductors,Technology,168.08,NOK,1
TMO,Thermo Fisher Scientific Inc.,https://www.thermofisher.com,Diagnostics & Research,Healthcare,529.99,NOK,1
TSCO,Tractor Supply Company,https://www.tractorsupply.com,Specialty Retail,Consumer Cyclical,213.69,NOK,1
UNH,UnitedHealth Group Incorporated,https://www.unitedhealthgroup.com,Healthcare Plans,Healthcare,519.71,NOK,1
VRTX,Vertex Pharmaceuticals Incorporated,https://www.vrtx.com,Biotechnology,Healthcare,405.68,NOK,1
MMM,3M Company,https://www.3m.com,Conglomerates,Industrials,106.95,NOK,0
AOS,A. O. Smith Corporation,https://www.aosmith.com,Specialty Industrial Machinery,Industrials,81.73,NOK,0
ABT,Abbott Laboratories,https://www.abbott.com,Medical Devices,Healthcare,108.89,NOK,0
ABBV,AbbVie Inc.,https://www.abbvie.com,Drug Manufacturers - General,Healthcare,155.16,NOK,0
ACN,Accenture plc,https://www.accenture.com,Information Technology Services,Technology,351.525,NOK,0
AES,The AES Corporation,https://www.aes.com,Utilities - Diversified,Utilities,19.115,NOK,0
AFL,Aflac Incorporated,https://www.aflac.com,Insurance - Life,Financial Services,81.515,NOK,0
A,"Agilent Technologies, Inc.",https://www.agilent.com,Diagnostics & Research,Healthcare,139.31,NOK,0
APD,"Air Products and Chemicals, Inc.",https://www.airproducts.com,Specialty Chemicals,Basic Materials,272.95,NOK,0
ABNB,"Airbnb, Inc.",https://www.airbnb.com,Travel Services,Consumer Cyclical,140.39,NOK,0
AKAM,"Akamai Technologies, Inc.",https://www.akamai.com,Software - Infrastructure,Technology,119.73,NOK,0
ALB,Albemarle Corporation,https://www.albemarle.com,Specialty Chemicals,Basic Materials,151.1,NOK,0
ALGN,"Align Technology, Inc.",https://www.aligntech.com,Medical Devices,Healthcare,270.77,NOK,0
ALLE,Allegion plc,https://www.allegion.com,Security & Protection Services,Industrials,124.97,NOK,0
LNT,Alliant Energy Corporation,https://www.alliantenergy.com,Utilities - Regulated Electric,Utilities,51.24,NOK,0
ALL,The Allstate Corporation,https://www.allstate.com,Insurance - Property & Casualty,Financial Services,135.794,NOK,0
GOOGL,Alphabet Inc.,https://www.abc.xyz,Internet Content & Information,Communication Services,140.96,NOK,0
GOOG,Alphabet Inc.,https://www.abc.xyz,Internet Content & Information,Communication Services,142.315,NOK,0
MO,"Altria Group, Inc.",https://www.altria.com,Tobacco,Consumer Defensive,40.5385,NOK,0
AMZN,"Amazon.com, Inc.",https://www.aboutamazon.com,Internet Retail,Consumer Cyclical,153.41,NOK,0
AMCR,Amcor plc,https://www.amcor.com,Packaging & Containers,Consumer Cyclical,9.71,NOK,0
AEE,Ameren Corporation,https://www.ameren.com,Utilities - Regulated Electric,Utilities,72.73,NOK,0
AAL,American Airlines Group Inc.,https://www.aa.com,Airlines,Industrials,14.2817,NOK,0
AEP,"American Electric Power Company, Inc.",https://www.aep.com,Utilities - Regulated Electric,Utilities,80.96,NOK,0
AXP,American Express Company,https://www.americanexpress.com,Credit Services,Financial Services,185.445,NOK,0
AIG,"American International Group, Inc.",https://www.aig.com,Insurance - Diversified,Financial Services,66.865,NOK,0
AMT,American Tower Corporation,https://www.americantower.com,REIT - Specialty,Real Estate,214.49,NOK,0
AWK,"American Water Works Company, Inc.",https://www.amwater.com,Utilities - Regulated Water,Utilities,132.13,NOK,0
AMP,"Ameriprise Financial, Inc.",https://www.ameriprise.com,Asset Management,Financial Services,376.23,NOK,0
AME,"AMETEK, Inc.",https://www.ametek.com,Specialty Industrial Machinery,Industrials,164.1986,NOK,0
AMGN,Amgen Inc.,https://www.amgen.com,Drug Manufacturers - General,Healthcare,284.5723,NOK,0
APH,Amphenol Corporation,https://www.amphenol.com,Electronic Components,Technology,98.94,NOK,0
ADI,"Analog Devices, Inc.",https://www.analog.com,Semiconductors,Technology,197.135,NOK,0
ANSS,"ANSYS, Inc.",https://www.ansys.com,Software - Application,Technology,333.24,NOK,0
AON,Aon plc,https://www.aon.com,Insurance Brokers,Financial Services,288.54,NOK,0
APA,APA Corporation,https://www.apachecorp.com,Oil & Gas E&P,Energy,36.115,NOK,0
AAPL,Apple Inc.,https://www.apple.com,Consumer Electronics,Technology,193.88,NOK,0
APTV,Aptiv PLC,https://www.aptiv.com,Auto Parts,Consumer Cyclical,88.72,NOK,0
ANET,"Arista Networks, Inc.",https://www.arista.com,Computer Hardware,Technology,238.705,NOK,0
AIZ,"Assurant, Inc.",https://www.assurant.com,Insurance - Specialty,Financial Services,166.065,NOK,0
T,AT&T Inc.,https://www.att.com,Telecom Services,Communication Services,16.68,NOK,0
ADP,"Automatic Data Processing, Inc.",https://www.adp.com,Staffing & Employment Services,Industrials,231.04,NOK,0
AZO,"AutoZone, Inc.",https://www.autozone.com,Specialty Retail,Consumer Cyclical,2629.84,NOK,0
AVB,"AvalonBay Communities, Inc.",https://www.avalonbay.com,REIT - Residential,Real Estate,187.94,NOK,0
AVY,Avery Dennison Corporation,https://www.averydennison.com,Packaging & Containers,Consumer Cyclical,201.21,NOK,0
BKR,Baker Hughes Company,https://www.bakerhughes.com,Oil & Gas Equipment & Services,Energy,34.15,NOK,0
BALL,Ball Corporation,https://www.ball.com,Packaging & Containers,Consumer Cyclical,57.165,NOK,0
BAC,Bank of America Corporation,https://www.bankofamerica.com,Banks - Diversified,Financial Services,33.4702,NOK,0
BK,The Bank of New York Mellon Corporation,https://www.bnymellon.com,Asset Management,Financial Services,51.59,NOK,0
BBWI,"Bath & Body Works, Inc.",https://www.bbwinc.com,Specialty Retail,Consumer Cyclical,43.065,NOK,0
BAX,Baxter International Inc.,https://www.baxter.com,Medical Instruments & Supplies,Healthcare,38.46,NOK,0
BDX,"Becton, Dickinson and Company",https://www.bd.com,Medical Instruments & Supplies,Healthcare,244.805,NOK,0
BBY,"Best Buy Co., Inc.",https://investors.bestbuy.com/investor-relations/overview/default.aspx,Specialty Retail,Consumer Cyclical,75.575,NOK,0
BIO,"Bio-Rad Laboratories, Inc.",https://www.bio-rad.com,Medical Devices,Healthcare,320.89,NOK,0
TECH,Bio-Techne Corporation,https://www.bio-techne.com,Biotechnology,Healthcare,77.55,NOK,0
BIIB,Biogen Inc.,https://www.biogen.com,Drug Manufacturers - General,Healthcare,257.342,NOK,0
BLK,"BlackRock, Inc.",https://www.blackrock.com,Asset Management,Financial Services,803.89,NOK,0
BX,Blackstone Inc.,https://www.blackstone.com,Asset Management,Financial Services,130.83,NOK,0
BA,The Boeing Company,https://www.boeing.com,Aerospace & Defense,Industrials,260.9116,NOK,0
BKNG,Booking Holdings Inc.,https://www.bookingholdings.com,Travel Services,Consumer Cyclical,3549.52,NOK,0
BWA,BorgWarner Inc.,https://www.borgwarner.com,Auto Parts,Consumer Cyclical,36.012,NOK,0
BXP,"Boston Properties, Inc.",https://www.bxp.com,REIT - Office,Real Estate,70.86,NOK,0
BSX,Boston Scientific Corporation,https://www.bostonscientific.com,Medical Devices,Healthcare,55.7,NOK,0
BMY,Bristol-Myers Squibb Company,https://www.bms.com,Drug Manufacturers - General,Healthcare,52.635,NOK,0
AVGO,Broadcom Inc.,https://www.broadcom.com,Semiconductors,Technology,1121.335,NOK,0
BR,"Broadridge Financial Solutions, Inc.",https://www.broadridge.com,Information Technology Services,Technology,199.24,NOK,0
BG,Bunge Global SA,https://www.bunge.com,Farm Products,Consumer Defensive,102.19,NOK,0
CPT,Camden Property Trust,https://www.camdenliving.com,REIT - Residential,Real Estate,98.2,NOK,0
CPB,Campbell Soup Company,https://www.campbellsoupcompany.com,Packaged Foods,Consumer Defensive,43.195,NOK,0
COF,Capital One Financial Corporation,https://www.capitalone.com,Credit Services,Financial Services,130.23,NOK,0
CAH,"Cardinal Health, Inc.",https://www.cardinalhealth.com,Medical Distribution,Healthcare,101.785,NOK,0
KMX,"CarMax, Inc.",https://www.carmax.com,Auto & Truck Dealerships,Consumer Cyclical,77.05,NOK,0
CARR,Carrier Global Corporation,https://www.corporate.carrier.com,Building Products & Equipment,Industrials,57.27,NOK,0
CTLT,"Catalent, Inc.",https://www.catalent.com,Drug Manufacturers - Specialty & Generic,Healthcare,44.06,NOK,0
CAT,Caterpillar Inc.,https://www.caterpillar.com,Farm & Heavy Construction Machinery,Industrials,291.0,NOK,0
CBOE,"Cboe Global Markets, Inc.",https://www.cboe.com,Financial Data & Stock Exchanges,Financial Services,175.62,NOK,0
CBRE,"CBRE Group, Inc.",https://www.cbre.com,Real Estate Services,Real Estate,91.9,NOK,0
CDW,CDW Corporation,https://www.cdw.com,Information Technology Services,Technology,226.29,NOK,0
CE,Celanese Corporation,https://www.celanese.com,Chemicals,Basic Materials,156.11,NOK,0
COR,"Cencora, Inc.",https://www.cencora.com,Medical Distribution,Healthcare,203.355,NOK,0
CNP,"CenterPoint Energy, Inc.",https://www.centerpointenergy.com,Utilities - Regulated Electric,Utilities,28.555,NOK,0
CDAY,Ceridian HCM Holding Inc.,https://www.ceridian.com,Software - Application,Technology,67.065,NOK,0
CF,"CF Industries Holdings, Inc.",https://www.cfindustries.com,Agricultural Inputs,Basic Materials,79.97,NOK,0
CHRW,"C.H. Robinson Worldwide, Inc.",https://www.chrobinson.com,Integrated Freight & Logistics,Industrials,87.47,NOK,0
SCHW,The Charles Schwab Corporation,https://www.schwab.com,Capital Markets,Financial Services,68.875,NOK,0
CHTR,"Charter Communications, Inc.",https://corporate.charter.com,Telecom Services,Communication Services,382.305,NOK,0
CVX,Chevron Corporation,https://www.chevron.com,Oil & Gas Integrated,Energy,151.89,NOK,0
CMG,"Chipotle Mexican Grill, Inc.",https://www.chipotle.com,Restaurants,Consumer Cyclical,2306.05,NOK,0
CB,Chubb Limited,https://www.chubb.com/us-en,Insurance - Property & Casualty,Financial Services,220.31,NOK,0
CHD,"Church & Dwight Co., Inc.",https://churchdwight.com,Household & Personal Products,Consumer Defensive,92.05,NOK,0
CI,The Cigna Group,https://www.cigna.com,Healthcare Plans,Healthcare,298.7,NOK,0
CINF,Cincinnati Financial Corporation,https://www.cinfin.com,Insurance - Property & Casualty,Financial Services,101.835,NOK,0
CTAS,Cintas Corporation,https://www.cintas.com,Specialty Business Services,Industrials,594.04,NOK,0
CSCO,"Cisco Systems, Inc.",https://www.cisco.com,Communication Equipment,Technology,50.215,NOK,0
C,Citigroup Inc.,https://www.citigroup.com,Banks - Diversified,Financial Services,50.9941,NOK,0
CFG,"Citizens Financial Group, Inc.",https://www.citizensbank.com,Banks - Regional,Financial Services,33.295,NOK,0
CLX,The Clorox Company,https://www.thecloroxcompany.com,Household & Personal Products,Consumer Defensive,141.01,NOK,0
CME,CME Group Inc.,https://www.cmegroup.com,Financial Data & Stock Exchanges,Financial Services,213.465,NOK,0
CMS,CMS Energy Corporation,https://www.cmsenergy.com,Utilities - Regulated Electric,Utilities,57.485,NOK,0
KO,The Coca-Cola Company,https://www.coca-colacompany.com,Beverages - Non-Alcoholic,Consumer Defensive,58.365,NOK,0
CTSH,Cognizant Technology Solutions Corporation,https://www.cognizant.com,Information Technology Services,Technology,74.86,NOK,0
CL,Colgate-Palmolive Company,https://www.colgatepalmolive.com,Household & Personal Products,Consumer Defensive,78.645,NOK,0
CMCSA,Comcast Corporation,https://corporate.comcast.com,Telecom Services,Communication Services,44.175,NOK,0
CMA,Comerica Incorporated,https://www.comerica.com,Banks - Regional,Financial Services,55.315,NOK,0
CAG,"Conagra Brands, Inc.",https://www.conagrabrands.com,Packaged Foods,Consumer Defensive,28.705,NOK,0
COP,ConocoPhillips,https://www.conocophillips.com,Oil & Gas E&P,Energy,118.15,NOK,0
ED,"Consolidated Edison, Inc.",https://www.conedison.com,Utilities - Regulated Electric,Utilities,90.16,NOK,0
STZ,"Constellation Brands, Inc.",https://www.cbrands.com,Beverages - Wineries & Distilleries,Consumer Defensive,238.92,NOK,0
CEG,Constellation Energy Corporation,https://constellationenergy.com,Utilities - Renewable,Utilities,116.1,NOK,0
COO,"The Cooper Companies, Inc.",https://www.coopercos.com,Medical Instruments & Supplies,Healthcare,374.18,NOK,0
GLW,Corning Incorporated,https://www.corning.com,Electronic Components,Technology,30.365,NOK,0
CTVA,"Corteva, Inc.",https://www.corteva.com,Agricultural Inputs,Basic Materials,47.58,NOK,0
COST,Costco Wholesale Corporation,https://www.costco.com,Discount Stores,Consumer Defensive,671.1899,NOK,0
CTRA,Coterra Energy Inc.,https://www.coterra.com,Oil & Gas E&P,Energy,25.83,NOK,0
CCI,Crown Castle Inc.,https://www.crowncastle.com,REIT - Specialty,Real Estate,115.05,NOK,0
CSX,CSX Corporation,https://www.csx.com,Railroads,Industrials,34.62,NOK,0
CMI,Cummins Inc.,https://www.cummins.com,Specialty Industrial Machinery,Industrials,238.09,NOK,0
CVS,CVS Health Corporation,https://www.cvshealth.com,Healthcare Plans,Healthcare,78.8,NOK,0
DRI,"Darden Restaurants, Inc.",https://www.darden.com,Restaurants,Consumer Cyclical,161.38,NOK,0
DVA,DaVita Inc.,https://www.davita.com,Medical Care Facilities,Healthcare,104.6,NOK,0
DE,Deere & Company,https://www.deere.com,Farm & Heavy Construction Machinery,Industrials,396.58,NOK,0
DAL,"Delta Air Lines, Inc.",https://www.delta.com,Airlines,Industrials,41.155,NOK,0
XRAY,DENTSPLY SIRONA Inc.,https://www.dentsplysirona.com,Medical Instruments & Supplies,Healthcare,35.11,NOK,0
DVN,Devon Energy Corporation,https://www.devonenergy.com,Oil & Gas E&P,Energy,46.16,NOK,0
FANG,"Diamondback Energy, Inc.",https://www.diamondbackenergy.com,Oil & Gas E&P,Energy,156.695,NOK,0
DLR,"Digital Realty Trust, Inc.",https://www.digitalrealty.com,REIT - Specialty,Real Estate,135.225,NOK,0
DFS,Discover Financial Services,https://www.discover.com,Credit Services,Financial Services,111.38,NOK,0
DG,Dollar General Corporation,https://www.dollargeneral.com,Discount Stores,Consumer Defensive,132.07,NOK,0
DLTR,"Dollar Tree, Inc.",https://www.dollartree.com,Discount Stores,Consumer Defensive,136.445,NOK,0
D,"Dominion Energy, Inc.",https://www.dominionenergy.com,Utilities - Regulated Electric,Utilities,47.305,NOK,0
DPZ,"Domino's Pizza, Inc.",https://www.ir.dominos.com,Restaurants,Consumer Cyclical,409.76,NOK,0
DOV,Dover Corporation,https://www.dovercorporation.com,Specialty Industrial Machinery,Industrials,153.33,NOK,0
DOW,Dow Inc.,https://www.dow.com,Chemicals,Basic Materials,55.21,NOK,0
DTE,DTE Energy Company,https://www.dteenergy.com,Utilities - Regulated Electric,Utilities,110.77,NOK,0
DUK,Duke Energy Corporation,https://www.duke-energy.com,Utilities - Regulated Electric,Utilities,97.31,NOK,0
DD,"DuPont de Nemours, Inc.",https://www.dupont.com,Specialty Chemicals,Basic Materials,75.88,NOK,0
EMN,Eastman Chemical Company,https://www.eastman.com,Specialty Chemicals,Basic Materials,89.67,NOK,0
ETN,Eaton Corporation plc,https://www.eaton.com,Specialty Industrial Machinery,Industrials,238.405,NOK,0
EBAY,eBay Inc.,https://www.ebayinc.com,Internet Retail,Consumer Cyclical,43.89,NOK,0
ECL,Ecolab Inc.,https://www.ecolab.com,Specialty Chemicals,Basic Materials,197.585,NOK,0
EIX,Edison International,https://www.edison.com,Utilities - Regulated Electric,Utilities,69.74,NOK,0
EW,Edwards Lifesciences Corporation,https://www.edwards.com,Medical Devices,Healthcare,75.51,NOK,0
EA,Electronic Arts Inc.,https://ea.com,Electronic Gaming & Multimedia,Communication Services,138.4,NOK,0
LLY,Eli Lilly and Company,https://www.lilly.com,Drug Manufacturers - General,Healthcare,568.9534,NOK,0
EMR,Emerson Electric Co.,https://www.emerson.com,Specialty Industrial Machinery,Industrials,96.64,NOK,0
ETR,Entergy Corporation,https://www.entergy.com,Utilities - Regulated Electric,Utilities,100.65,NOK,0
EOG,"EOG Resources, Inc.",https://www.eogresources.com,Oil & Gas E&P,Energy,122.47,NOK,0
EQT,EQT Corporation,https://www.eqt.com,Oil & Gas E&P,Energy,39.07,NOK,0
EFX,Equifax Inc.,https://www.equifax.com,Consulting Services,Industrials,242.485,NOK,0
EQIX,"Equinix, Inc.",https://www.equinix.com,REIT - Specialty,Real Estate,801.65,NOK,0
EQR,Equity Residential,https://www.equityapartments.com,REIT - Residential,Real Estate,61.225,NOK,0
ESS,"Essex Property Trust, Inc.",https://www.essexapartmenthomes.com,REIT - Residential,Real Estate,244.56,NOK,0
EL,The Estée Lauder Companies Inc.,https://www.elcompanies.com,Household & Personal Products,Consumer Defensive,144.1934,NOK,0
EG,"Everest Group, Ltd.",https://www.everestglobal.com,Insurance - Reinsurance,Financial Services,355.57,NOK,0
EVRG,"Evergy, Inc.",https://investors.evergy.com,Utilities - Regulated Electric,Utilities,51.86,NOK,0
ES,Eversource Energy,https://www.eversource.com,Utilities - Regulated Electric,Utilities,61.48,NOK,0
EXC,Exelon Corporation,https://www.exeloncorp.com,Utilities - Regulated Electric,Utilities,35.4,NOK,0
EXPE,"Expedia Group, Inc.",https://www.expediagroup.com,Travel Services,Consumer Cyclical,155.0,NOK,0
EXPD,"Expeditors International of Washington, Inc.",https://www.expeditors.com,Integrated Freight & Logistics,Industrials,128.75,NOK,0
EXR,Extra Space Storage Inc.,https://www.extraspace.com,REIT - Industrial,Real Estate,156.595,NOK,0
XOM,Exxon Mobil Corporation,https://corporate.exxonmobil.com,Oil & Gas Integrated,Energy,102.46,NOK,0
FFIV,"F5, Inc.",https://www.f5.com,Software - Infrastructure,Technology,179.075,NOK,0
FDS,FactSet Research Systems Inc.,https://www.factset.com,Financial Data & Stock Exchanges,Financial Services,467.33,NOK,0
FICO,Fair Isaac Corporation,https://www.fico.com,Software - Application,Technology,1167.7,NOK,0
FAST,Fastenal Company,https://www.fastenal.com,Industrial Distribution,Industrials,65.38,NOK,0
FRT,Federal Realty Investment Trust,https://www.federalrealty.com,REIT - Retail,Real Estate,104.67,NOK,0
FDX,FedEx Corporation,https://www.fedex.com,Integrated Freight & Logistics,Industrials,247.4599,NOK,0
FIS,"Fidelity National Information Services, Inc.",https://www.fisglobal.com,Information Technology Services,Technology,60.01,NOK,0
FITB,Fifth Third Bancorp,https://www.53.com,Banks—Regional,Financial Services,34.585,NOK,0
FSLR,"First Solar, Inc.",https://www.firstsolar.com,Solar,Technology,170.76,NOK,0
FE,FirstEnergy Corp.,https://www.firstenergycorp.com,Utilities—Regulated Electric,Utilities,36.52,NOK,0
FI,"Fiserv, Inc.",https://www.fiserv.com,Information Technology Services,Technology,133.81,NOK,0
FLT,"FLEETCOR Technologies, Inc.",https://www.fleetcor.com,Software—Infrastructure,Technology,277.555,NOK,0
FMC,FMC Corporation,https://www.fmc.com,Agricultural Inputs,Basic Materials,62.73,NOK,0
F,Ford Motor Company,https://www.ford.com,Auto Manufacturers,Consumer Cyclical,12.352,NOK,0
FTV,Fortive Corporation,https://www.fortive.com,Scientific & Technical Instruments,Technology,72.92,NOK,0
FOXA,Fox Corporation,https://www.foxcorporation.com,Entertainment,Communication Services,29.82,NOK,0
BEN,"Franklin Resources, Inc.",https://www.franklinresources.com,Asset Management,Financial Services,29.825,NOK,0
FCX,Freeport-McMoRan Inc.,https://fcx.com,Copper,Basic Materials,42.545,NOK,0
GRMN,Garmin Ltd.,https://www.garmin.com,Scientific & Technical Instruments,Technology,128.38,NOK,0
IT,"Gartner, Inc.",https://www.gartner.com,Information Technology Services,Technology,446.085,NOK,0
GEHC,GE HealthCare Technologies Inc.,https://www.gehealthcare.com,Health Information Services,Healthcare,77.195,NOK,0
GEN,Gen Digital Inc.,https://www.gendigital.com,Software - Infrastructure,Technology,23.08,NOK,0
GD,General Dynamics Corporation,https://www.gd.com,Aerospace & Defense,Industrials,254.435,NOK,0
GE,General Electric Company,https://www.ge.com,Specialty Industrial Machinery,Industrials,127.17,NOK,0
GIS,"General Mills, Inc.",https://www.generalmills.com,Packaged Foods,Consumer Defensive,64.645,NOK,0
GM,General Motors Company,https://www.gm.com,Auto Manufacturers,Consumer Cyclical,36.22,NOK,0
GPC,Genuine Parts Company,https://www.genpt.com,Specialty Retail,Consumer Cyclical,139.52,NOK,0
GILD,"Gilead Sciences, Inc.",https://www.gilead.com,Drug Manufacturers—General,Healthcare,79.63,NOK,0
GPN,Global Payments Inc.,https://www.globalpayments.com,Specialty Business Services,Industrials,126.48,NOK,0
GL,Globe Life Inc.,https://www.globelifeinsurance.com,Insurance—Life,Financial Services,121.68,NOK,0
GS,"The Goldman Sachs Group, Inc.",https://www.goldmansachs.com,Capital Markets,Financial Services,382.48,NOK,0
HAL,Halliburton Company,https://www.halliburton.com,Oil & Gas Equipment & Services,Energy,36.775,NOK,0
HIG,"The Hartford Financial Services Group, Inc.",https://www.thehartford.com,Insurance—Property & Casualty,Financial Services,79.35,NOK,0
HAS,"Hasbro, Inc.",https://www.hasbro.com,Leisure,Consumer Cyclical,51.23,NOK,0
HCA,"HCA Healthcare, Inc.",https://www.hcahealthcare.com,Medical Care Facilities,Healthcare,269.86,NOK,0
PEAK,"Healthpeak Properties, Inc.",https://www.healthpeak.com,REIT—Healthcare Facilities,Real Estate,19.7212,NOK,0
HSIC,"Henry Schein, Inc.",https://www.henryschein.com,Medical Distribution,Healthcare,74.82,NOK,0
HES,Hess Corporation,https://www.hess.com,Oil & Gas E&P,Energy,147.465,NOK,0
HPE,Hewlett Packard Enterprise Company,https://www.hpe.com,Communication Equipment,Technology,17.155,NOK,0
HLT,Hilton Worldwide Holdings Inc.,https://www.hilton.com,Lodging,Consumer Cyclical,181.12,NOK,0
HOLX,"Hologic, Inc.",https://www.hologic.com,Medical Instruments & Supplies,Healthcare,71.265,NOK,0
HD,"The Home Depot, Inc.",https://www.homedepot.com,Home Improvement Retail,Consumer Cyclical,349.07,NOK,0
HON,Honeywell International Inc.,https://www.honeywell.com,Conglomerates,Industrials,206.11,NOK,0
HRL,Hormel Foods Corporation,https://www.hormelfoods.com,Packaged Foods,Consumer Defensive,31.83,NOK,0
HST,"Host Hotels & Resorts, Inc.",https://www.hosthotels.com,REIT—Hotel & Motel,Real Estate,19.81,NOK,0
HWM,Howmet Aerospace Inc.,https://www.howmet.com,Aerospace & Defense,Industrials,53.695,NOK,0
HPQ,HP Inc.,https://www.hp.com,Computer Hardware,Technology,30.325,NOK,0
HUBB,Hubbell Incorporated,https://www.hubbell.com,Electrical Equipment & Parts,Industrials,328.055,NOK,0
HUM,Humana Inc.,https://www.humana.com,Healthcare Plans,Healthcare,452.92,NOK,0
HBAN,Huntington Bancshares Incorporated,https://www.huntington.com,Banks—Regional,Financial Services,12.6799,NOK,0
HII,"Huntington Ingalls Industries, Inc.",https://www.huntingtoningalls.com,Aerospace & Defense,Industrials,255.85,NOK,0
IBM,International Business Machines Corporation,https://www.ibm.com,Information Technology Services,Technology,162.01,NOK,0
IEX,IDEX Corporation,https://www.idexcorp.com,Specialty Industrial Machinery,Industrials,215.15,NOK,0
IDXX,"IDEXX Laboratories, Inc.",https://www.idexx.com,Diagnostics & Research,Healthcare,553.455,NOK,0
ITW,Illinois Tool Works Inc.,https://www.itw.com,Specialty Industrial Machinery,Industrials,262.715,NOK,0
ILMN,"Illumina, Inc.",https://www.illumina.com,Diagnostics & Research,Healthcare,140.01,NOK,0
INTC,Intel Corporation,https://www.intel.com,Semiconductors,Technology,48.125,NOK,0
ICE,"Intercontinental Exchange, Inc.",https://www.ice.com,Financial Data & Stock Exchanges,Financial Services,125.405,NOK,0
IFF,International Flavors & Fragrances Inc.,https://www.iff.com,Specialty Chemicals,Basic Materials,81.25,NOK,0
IP,International Paper Company,https://www.internationalpaper.com,Packaging & Containers,Consumer Cyclical,36.7292,NOK,0
IPG,"The Interpublic Group of Companies, Inc.",https://www.interpublic.com,Advertising Agencies,Communication Services,32.8625,NOK,0
ISRG,"Intuitive Surgical, Inc.",https://www.intuitive.com,Medical Instruments & Supplies,Healthcare,335.28,NOK,0
IVZ,Invesco Ltd.,https://www.invesco.com,Asset Management,Financial Services,17.71,NOK,0
JBHT,"J.B. Hunt Transport Services, Inc.",https://www.jbhunt.com,Integrated Freight & Logistics,Industrials,202.015,NOK,0
JBL,Jabil Inc.,https://www.jabil.com,Electronic Components,Technology,128.64,NOK,0
JKHY,"Jack Henry & Associates, Inc.",https://www.jackhenry.com,Information Technology Services,Technology,165.005,NOK,0
J,Jacobs Solutions Inc.,https://www.jacobs.com,Engineering & Construction,Industrials,128.0161,NOK,0
JNJ,Johnson & Johnson,https://www.jnj.com,Drug Manufacturers—General,Healthcare,155.91,NOK,0
JCI,Johnson Controls International plc,https://www.johnsoncontrols.com,Building Products & Equipment,Industrials,57.0,NOK,0
JPM,JPMorgan Chase & Co.,https://www.jpmorganchase.com,Banks—Diversified,Financial Services,167.975,NOK,0
JNPR,"Juniper Networks, Inc.",https://www.juniper.net,Communication Equipment,Technology,29.675,NOK,0
K,Kellanova,https://www.kellanova.com/us/en,Packaged Foods,Consumer Defensive,54.47,NOK,0
KVUE,Kenvue Inc.,https://www.kenvue.com,Household & Personal Products,Consumer Defensive,21.355,NOK,0
KDP,Keurig Dr Pepper Inc.,https://www.keurigdrpepper.com,Beverages—Non-Alcoholic,Consumer Defensive,32.855,NOK,0
KEY,KeyCorp,https://www.key.com,Banks—Regional,Financial Services,14.345,NOK,0
KEYS,"Keysight Technologies, Inc.",https://www.keysight.com,Scientific & Technical Instruments,Technology,159.43,NOK,0
KMB,Kimberly-Clark Corporation,https://www.kimberly-clark.com,Household & Personal Products,Consumer Defensive,120.4,NOK,0
KIM,Kimco Realty Corporation,https://www.kimcorealty.com,REIT - Retail,Real Estate,21.9,NOK,0
KMI,"Kinder Morgan, Inc.",https://www.kindermorgan.com,Oil & Gas Midstream,Energy,17.755,NOK,0
KLAC,KLA Corporation,https://www.kla.com,Semiconductor Equipment & Materials,Technology,583.1071,NOK,0
KHC,The Kraft Heinz Company,https://www.kraftheinzcompany.com,Packaged Foods,Consumer Defensive,36.365,NOK,0
KR,The Kroger Co.,https://www.thekrogerco.com,Grocery Stores,Consumer Defensive,45.2701,NOK,0
LHX,"L3Harris Technologies, Inc.",https://www.l3harris.com,Aerospace & Defense,Industrials,208.94,NOK,0
LH,Laboratory Corporation of America Holdings,https://www.labcorp.com,Diagnostics & Research,Healthcare,224.6,NOK,0
LRCX,Lam Research Corporation,https://www.lamresearch.com,Semiconductor Equipment & Materials,Technology,782.0,NOK,0
LW,"Lamb Weston Holdings, Inc.",https://www.lambweston.com,Packaged Foods,Consumer Defensive,105.395,NOK,0
LVS,Las Vegas Sands Corp.,https://www.sands.com,Resorts & Casinos,Consumer Cyclical,48.515,NOK,0
LDOS,"Leidos Holdings, Inc.",https://www.leidos.com,Information Technology Services,Technology,107.855,NOK,0
LEN,Lennar Corporation,https://www.lennar.com,Residential Construction,Consumer Cyclical,147.78,NOK,0
LIN,Linde plc,https://www.linde.com,Specialty Chemicals,Basic Materials,410.22,NOK,0
LYV,"Live Nation Entertainment, Inc.",https://www.livenationentertainment.com,Entertainment,Communication Services,91.85,NOK,0
LKQ,LKQ Corporation,https://www.lkqcorp.com,Auto Parts,Consumer Cyclical,47.78,NOK,0
LMT,Lockheed Martin Corporation,https://www.lockheedmartin.com,Aerospace & Defense,Industrials,450.32,NOK,0
LOW,"Lowe's Companies, Inc.",https://www.lowes.com,Home Improvement Retail,Consumer Cyclical,223.52,NOK,0
LYB,LyondellBasell Industries N.V.,https://www.lyondellbasell.com,Specialty Chemicals,Basic Materials,96.5,NOK,0
MTB,M&T Bank Corporation,https://www3.mtb.com,Banks—Regional,Financial Services,137.109,NOK,0
MRO,Marathon Oil Corporation,https://www.marathonoil.com,Oil & Gas E&P,Energy,24.8101,NOK,0
MPC,Marathon Petroleum Corporation,https://www.marathonpetroleum.com,Oil & Gas Refining & Marketing,Energy,151.645,NOK,0
MKTX,MarketAxess Holdings Inc.,https://www.marketaxess.com,Capital Markets,Financial Services,288.51,NOK,0
MAR,"Marriott International, Inc.",https://www.marriott.com,Lodging,Consumer Cyclical,221.925,NOK,0
MMC,"Marsh & McLennan Companies, Inc.",https://www.mmc.com,Insurance Brokers,Financial Services,187.355,NOK,0
MLM,"Martin Marietta Materials, Inc.",https://www.martinmarietta.com,Building Materials,Basic Materials,493.8,NOK,0
MAS,Masco Corporation,https://masco.com,Building Products & Equipment,Industrials,67.555,NOK,0
MA,Mastercard Incorporated,https://www.mastercard.com,Credit Services,Financial Services,424.96,NOK,0
MTCH,"Match Group, Inc.",https://www.mtch.com,Internet Content & Information,Communication Services,35.1178,NOK,0
MKC,"McCormick & Company, Incorporated",https://www.mccormickcorporation.com,Packaged Foods,Consumer Defensive,68.31,NOK,0
MCD,McDonald's Corporation,https://corporate.mcdonalds.com,Restaurants,Consumer Cyclical,291.1707,NOK,0
MCK,McKesson Corporation,https://www.mckesson.com,Medical Distribution,Healthcare,456.16,NOK,0
MDT,Medtronic plc,https://www.medtronic.com,Medical Devices,Healthcare,81.9258,NOK,0
MRK,"Merck & Co., Inc.",https://www.merck.com,Drug Manufacturers—General,Healthcare,107.93,NOK,0
META,"Meta Platforms, Inc.",https://investor.fb.com,Internet Content & Information,Communication Services,353.15,NOK,0
MET,"MetLife, Inc.",https://www.metlife.com,Insurance—Life,Financial Services,66.02,NOK,0
MTD,Mettler-Toledo International Inc.,https://www.mt.com,Diagnostics & Research,Healthcare,1212.66,NOK,0
MGM,MGM Resorts International,https://www.mgmresorts.com,Resorts & Casinos,Consumer Cyclical,44.665,NOK,0
MCHP,Microchip Technology Incorporated,https://www.microchip.com,Semiconductors,Technology,90.61,NOK,0
MU,"Micron Technology, Inc.",https://www.micron.com,Semiconductors,Technology,87.0875,NOK,0
MSFT,Microsoft Corporation,https://www.microsoft.com,Software—Infrastructure,Technology,374.44,NOK,0
MAA,"Mid-America Apartment Communities, Inc.",https://www.maac.com,REIT—Residential,Real Estate,133.64,NOK,0
MRNA,"Moderna, Inc.",https://www.modernatx.com,Biotechnology,Healthcare,95.5589,NOK,0
MHK,"Mohawk Industries, Inc.",https://www.mohawkind.com,"Furnishings, Fixtures & Appliances",Consumer Cyclical,103.39,NOK,0
TAP,Molson Coors Beverage Company,https://www.molsoncoors.com,Beverages—Brewers,Consumer Defensive,61.63,NOK,0
MDLZ,"Mondelez International, Inc.",https://www.mondelezinternational.com,Confectioners,Consumer Defensive,71.4,NOK,0
MNST,Monster Beverage Corporation,https://www.monsterbevcorp.com,Beverages—Non-Alcoholic,Consumer Defensive,56.18,NOK,0
MCO,Moody's Corporation,https://www.moodys.com,Financial Data & Stock Exchanges,Financial Services,387.165,NOK,0
MS,Morgan Stanley,https://www.morganstanley.com,Capital Markets,Financial Services,93.0162,NOK,0
MSI,"Motorola Solutions, Inc.",https://www.motorolasolutions.com,Communication Equipment,Technology,310.465,NOK,0
MSCI,MSCI Inc.,https://www.msci.com,Financial Data & Stock Exchanges,Financial Services,561.79,NOK,0
NDAQ,"Nasdaq, Inc.",https://www.nasdaq.com,Financial Data & Stock Exchanges,Financial Services,57.055,NOK,0
NTAP,"NetApp, Inc.",https://www.netapp.com,Computer Hardware,Technology,89.6,NOK,0
NFLX,"Netflix, Inc.",https://www.netflix.com,Entertainment,Communication Services,491.95,NOK,0
NEM,Newmont Corporation,https://www.newmont.com,Gold,Basic Materials,42.26,NOK,0
NWSA,News Corporation,https://www.newscorp.com,Entertainment,Communication Services,23.815,NOK,0
NEE,"NextEra Energy, Inc.",https://www.nexteraenergy.com,Utilities—Regulated Electric,Utilities,60.4001,NOK,0
NKE,"NIKE, Inc.",https://www.nike.com,Footwear & Accessories,Consumer Cyclical,109.145,NOK,0
NI,NiSource Inc.,https://www.nisource.com,Utilities—Regulated Gas,Utilities,26.385,NOK,0
NDSN,Nordson Corporation,https://www.nordson.com,Specialty Industrial Machinery,Industrials,261.82,NOK,0
NSC,Norfolk Southern Corporation,https://www.norfolksouthern.com,Railroads,Industrials,235.175,NOK,0
NTRS,Northern Trust Corporation,https://www.northerntrust.com,Asset Management,Financial Services,84.22,NOK,0
NOC,Northrop Grumman Corporation,https://www.northropgrumman.com,Aerospace & Defense,Industrials,464.71,NOK,0
NCLH,Norwegian Cruise Line Holdings Ltd.,https://www.nclhltd.com,Travel Services,Consumer Cyclical,20.91,NOK,0
NRG,"NRG Energy, Inc.",https://www.nrg.com,Utilities—Independent Power Producers,Utilities,49.875,NOK,0
NUE,Nucor Corporation,https://www.nucor.com,Steel,Basic Materials,178.58,NOK,0
NVDA,NVIDIA Corporation,https://www.nvidia.com,Semiconductors,Technology,489.415,NOK,0
NVR,"NVR, Inc.",https://www.nvrinc.com,Residential Construction,Consumer Cyclical,6982.14,NOK,0
NXPI,NXP Semiconductors N.V.,https://www.nxp.com,Semiconductors,Technology,230.08,NOK,0
ORLY,"O'Reilly Automotive, Inc.",https://www.oreillyauto.com,Specialty Retail,Consumer Cyclical,959.05,NOK,0
OXY,Occidental Petroleum Corporation,https://www.oxy.com,Oil & Gas E&P,Energy,61.33,NOK,0
ODFL,"Old Dominion Freight Line, Inc.",https://www.odfl.com,Trucking,Industrials,413.19,NOK,0
OMC,Omnicom Group Inc.,https://www.omnicomgroup.com,Advertising Agencies,Communication Services,86.28,NOK,0
OKE,"ONEOK, Inc.",https://www.oneok.com/,Oil & Gas Midstream,Energy,70.29,NOK,0
ORCL,Oracle Corporation,https://www.oracle.com,Software—Infrastructure,Technology,106.1,NOK,0
OTIS,Otis Worldwide Corporation,https://www.otis.com,Specialty Industrial Machinery,Industrials,88.935,NOK,0
PCAR,PACCAR Inc,https://www.paccar.com,Farm & Heavy Construction Machinery,Industrials,97.725,NOK,0
PKG,Packaging Corporation of America,https://www.packagingcorp.com,Packaging & Containers,Consumer Cyclical,163.76,NOK,0
PANW,"Palo Alto Networks, Inc.",https://www.paloaltonetworks.com,Software—Infrastructure,Technology,298.73,NOK,0
PARA,Paramount Global,https://www.paramount.com,Entertainment,Communication Services,15.012,NOK,0
PH,Parker-Hannifin Corporation,https://www.phstock.com,Specialty Industrial Machinery,Industrials,458.855,NOK,0
PAYX,"Paychex, Inc.",https://www.paychex.com,Staffing & Employment Services,Industrials,120.74,NOK,0
PYPL,"PayPal Holdings, Inc.",https://www.paypal.com,Credit Services,Financial Services,62.13,NOK,0
PNR,Pentair plc,https://www.pentair.com,Specialty Industrial Machinery,Industrials,71.91,NOK,0
PEP,"PepsiCo, Inc.",https://www.pepsico.com,Beverages—Non-Alcoholic,Consumer Defensive,168.1679,NOK,0
PFE,Pfizer Inc.,https://www.pfizer.com,Drug Manufacturers—General,Healthcare,28.38,NOK,0
PM,Philip Morris International Inc.,https://www.pmi.com,Tobacco,Consumer Defensive,93.43,NOK,0
PSX,Phillips 66,https://www.phillips66.com,Oil & Gas Refining & Marketing,Energy,135.145,NOK,0
PNW,Pinnacle West Capital Corporation,https://www.pinnaclewest.com,Utilities—Regulated Electric,Utilities,71.49,NOK,0
PXD,Pioneer Natural Resources Company,https://www.pxd.com,Oil & Gas E&P,Energy,230.25,NOK,0
PNC,"The PNC Financial Services Group, Inc.",https://www.pnc.com,Banks—Regional,Financial Services,152.66,NOK,0
PPG,"PPG Industries, Inc.",https://www.ppg.com,Specialty Chemicals,Basic Materials,148.96,NOK,0
PPL,PPL Corporation,https://www.pplweb.com,Utilities—Regulated Electric,Utilities,26.965,NOK,0
PFG,"Principal Financial Group, Inc.",https://www.principal.com,Asset Management,Financial Services,79.18,NOK,0
PG,The Procter & Gamble Company,https://www.pginvestor.com,Household & Personal Products,Consumer Defensive,145.5189,NOK,0
PGR,The Progressive Corporation,https://www.progressive.com,Insurance—Property & Casualty,Financial Services,157.0901,NOK,0
PLD,"Prologis, Inc.",https://www.prologis.com,REIT—Industrial,Real Estate,132.71,NOK,0
PRU,"Prudential Financial, Inc.",https://www.prudential.com,Insurance—Life,Financial Services,103.78,NOK,0
PEG,Public Service Enterprise Group Incorporated,https://www.pseg.com,Utilities—Regulated Electric,Utilities,61.075,NOK,0
PTC,PTC Inc.,https://www.ptc.com,Software—Application,Technology,172.49,NOK,0
PSA,Public Storage,https://www.publicstorage.com,REIT—Industrial,Real Estate,297.9,NOK,0
QRVO,"Qorvo, Inc.",https://www.qorvo.com,Semiconductors,Technology,113.3,NOK,0
PWR,"Quanta Services, Inc.",https://www.quantaservices.com,Engineering & Construction,Industrials,212.84,NOK,0
DGX,Quest Diagnostics Incorporated,https://www.questdiagnostics.com,Diagnostics & Research,Healthcare,136.62,NOK,0
RL,Ralph Lauren Corporation,https://www.ralphlauren.com,Apparel Manufacturing,Consumer Cyclical,145.82,NOK,0
RJF,"Raymond James Financial, Inc.",https://www.raymondjames.com,Capital Markets,Financial Services,111.77,NOK,0
RTX,RTX Corporation,https://www.rtx.com,Aerospace & Defense,Industrials,83.44,NOK,0
REG,Regency Centers Corporation,https://www.regencycenters.com,REIT—Retail,Real Estate,67.04,NOK,0
REGN,"Regeneron Pharmaceuticals, Inc.",https://www.regeneron.com,Biotechnology,Healthcare,847.79,NOK,0
RF,Regions Financial Corporation,https://www.regions.com,Banks—Regional,Financial Services,19.285,NOK,0
RSG,"Republic Services, Inc.",https://www.republicservices.com,Waste Management,Industrials,162.06,NOK,0
RMD,ResMed Inc.,https://www.resmed.com,Medical Instruments & Supplies,Healthcare,173.05,NOK,0
RVTY,"Revvity, Inc.",https://www.revvity.com,Diagnostics & Research,Healthcare,107.39,NOK,0
RHI,Robert Half Inc.,https://www.roberthalf.com,Staffing & Employment Services,Industrials,87.63,NOK,0
ROK,"Rockwell Automation, Inc.",https://www.rockwellautomation.com,Specialty Industrial Machinery,Industrials,308.71,NOK,0
ROL,"Rollins, Inc.",https://www.rollins.com,Personal Services,Consumer Cyclical,42.93,NOK,0
ROP,"Roper Technologies, Inc.",https://www.ropertech.com,Software—Application,Technology,543.27,NOK,0
ROST,"Ross Stores, Inc.",https://www.rossstores.com,Apparel Retail,Consumer Cyclical,136.35,NOK,0
RCL,Royal Caribbean Cruises Ltd.,https://www.rclinvestor.com,Travel Services,Consumer Cyclical,128.02,NOK,0
SBAC,SBA Communications Corporation,https://www.sbasite.com,REIT - Specialty,Real Estate,249.79,NOK,0
SLB,Schlumberger Limited,https://www.slb.com,Oil & Gas Equipment & Services,Energy,53.28,NOK,0
STX,Seagate Technology Holdings plc,https://www.seagate.com,Computer Hardware,Technology,85.44,NOK,0
SRE,Sempra,https://www.sempra.com,Utilities—Diversified,Utilities,73.8599,NOK,0
SHW,The Sherwin-Williams Company,https://www.sherwin-williams.com,Specialty Chemicals,Basic Materials,309.73,NOK,0
SPG,"Simon Property Group, Inc.",https://www.simon.com,REIT—Retail,Real Estate,143.24,NOK,0
SWKS,"Skyworks Solutions, Inc.",https://www.skyworksinc.com,Semiconductors,Technology,113.0399,NOK,0
SJM,The J. M. Smucker Company,https://www.jmsmucker.com,Packaged Foods,Consumer Defensive,125.42,NOK,0
SNA,Snap-on Incorporated,https://www.snapon.com,Tools & Accessories,Industrials,288.34,NOK,0
SO,The Southern Company,https://www.southerncompany.com,Utilities—Regulated Electric,Utilities,69.8519,NOK,0
LUV,Southwest Airlines Co.,https://www.southwest.com,Airlines,Industrials,29.64,NOK,0
SWK,"Stanley Black & Decker, Inc.",https://www.stanleyblackanddecker.com,Tools & Accessories,Industrials,98.835,NOK,0
SBUX,Starbucks Corporation,https://www.starbucks.com,Restaurants,Consumer Cyclical,95.4141,NOK,0
STT,State Street Corporation,https://www.statestreet.com,Asset Management,Financial Services,77.46,NOK,0
STLD,"Steel Dynamics, Inc.",https://stld.steeldynamics.com,Steel,Basic Materials,122.0,NOK,0
STE,STERIS plc,https://www.steris.com,Medical Devices,Healthcare,220.13,NOK,0
SYK,Stryker Corporation,https://www.stryker.com,Medical Devices,Healthcare,297.23,NOK,0
SYF,Synchrony Financial,https://www.synchrony.com,Credit Services,Financial Services,38.29,NOK,0
TMUS,"T-Mobile US, Inc.",https://www.t-mobile.com,Telecom Services,Communication Services,156.01,NOK,0
TROW,"T. Rowe Price Group, Inc.",https://www.troweprice.com,Asset Management,Financial Services,107.99,NOK,0
TTWO,"Take-Two Interactive Software, Inc.",https://www.take2games.com,Electronic Gaming & Multimedia,Communication Services,162.33,NOK,0
TPR,"Tapestry, Inc.",https://www.tapestry.com,Luxury Goods,Consumer Cyclical,37.3897,NOK,0
TRGP,Targa Resources Corp.,https://www.targaresources.com,Oil & Gas Midstream,Energy,87.37,NOK,0
TGT,Target Corporation,https://corporate.target.com,Discount Stores,Consumer Defensive,139.805,NOK,0
TEL,TE Connectivity Ltd.,https://www.te.com,Electronic Components,Technology,140.9115,NOK,0
TDY,Teledyne Technologies Incorporated,https://www.teledyne.com,Scientific & Technical Instruments,Technology,433.665,NOK,0
TFX,Teleflex Incorporated,https://www.teleflex.com,Medical Instruments & Supplies,Healthcare,251.91,NOK,0
TER,"Teradyne, Inc.",https://www.teradyne.com,Semiconductor Equipment & Materials,Technology,107.405,NOK,0
TXT,Textron Inc.,https://www.textron.com,Aerospace & Defense,Industrials,80.66,NOK,0
TJX,"The TJX Companies, Inc.",https://www.tjx.com,Apparel Retail,Consumer Cyclical,91.7797,NOK,0
TT,Trane Technologies plc,https://www.tranetechnologies.com,Building Products & Equipment,Industrials,243.09,NOK,0
TDG,TransDigm Group Incorporated,https://www.transdigm.com,Aerospace & Defense,Industrials,1000.55,NOK,0
TRV,"The Travelers Companies, Inc.",https://www.travelers.com,Insurance—Property & Casualty,Financial Services,185.43,NOK,0
TRMB,Trimble Inc.,https://www.trimble.com,Scientific & Technical Instruments,Technology,52.64,NOK,0
TFC,Truist Financial Corporation,https://www.truist.com,Banks—Regional,Financial Services,36.8801,NOK,0
TYL,"Tyler Technologies, Inc.",https://www.tylertech.com,Software—Application,Technology,414.3,NOK,0
TSN,"Tyson Foods, Inc.",https://www.tysonfoods.com,Farm Products,Consumer Defensive,52.015,NOK,0
USB,U.S. Bancorp,https://www.usbank.com,Banks—Regional,Financial Services,43.6778,NOK,0
UDR,"UDR, Inc.",https://www.udr.com,REIT - Residential,Real Estate,37.825,NOK,0
ULTA,"Ulta Beauty, Inc.",https://www.ulta.com,Specialty Retail,Consumer Cyclical,472.005,NOK,0
UNP,Union Pacific Corporation,https://www.up.com,Railroads,Industrials,243.62,NOK,0
UAL,"United Airlines Holdings, Inc.",https://www.united.com,Airlines,Industrials,42.7201,NOK,0
UPS,"United Parcel Service, Inc.",https://www.ups.com,Integrated Freight & Logistics,Industrials,158.742,NOK,0
URI,"United Rentals, Inc.",https://www.unitedrentals.com,Rental & Leasing Services,Industrials,570.2062,NOK,0
UHS,"Universal Health Services, Inc.",https://uhs.com,Medical Care Facilities,Healthcare,153.3903,NOK,0
VLO,Valero Energy Corporation,https://www.valero.com,Oil & Gas Refining & Marketing,Energy,133.32,NOK,0
VTR,"Ventas, Inc.",https://www.ventasreit.com,REIT—Healthcare Facilities,Real Estate,50.05,NOK,0
VLTO,Veralto Corporation,https://jobs.danaher.com/global/en/eas,Pollution & Treatment Controls,Industrials,81.48,NOK,0
VRSN,"VeriSign, Inc.",https://www.verisign.com,Software—Infrastructure,Technology,204.665,NOK,0
VRSK,"Verisk Analytics, Inc.",https://www.verisk.com,Consulting Services,Industrials,235.38,NOK,0
VZ,Verizon Communications Inc.,https://www.verizon.com,Telecom Services,Communication Services,37.6516,NOK,0
VFC,V.F. Corporation,https://www.vfc.com,Apparel Manufacturing,Consumer Cyclical,18.699,NOK,0
VTRS,Viatris Inc.,https://www.viatris.com,Drug Manufacturers—Specialty & Generic,Healthcare,10.68,NOK,0
V,Visa Inc.,https://www.visa.com,Credit Services,Financial Services,259.68,NOK,0
VMC,Vulcan Materials Company,https://www.vulcanmaterials.com,Building Materials,Basic Materials,223.8,NOK,0
WRB,W. R. Berkley Corporation,https://www.berkley.com,Insurance—Property & Casualty,Financial Services,70.06,NOK,0
WBA,"Walgreens Boots Alliance, Inc.",https://www.walgreensbootsalliance.com,Pharmaceutical Retailers,Healthcare,26.135,NOK,0
WMT,Walmart Inc.,https://www.stock.walmart.com,Discount Stores,Consumer Defensive,156.9,NOK,0
DIS,The Walt Disney Company,https://www.thewaltdisneycompany.com,Entertainment,Communication Services,91.2599,NOK,0
WBD,"Warner Bros. Discovery, Inc.",https://ir.wbd.com,Entertainment,Communication Services,11.255,NOK,0
WM,"Waste Management, Inc.",https://www.wm.com,Waste Management,Industrials,176.915,NOK,0
WAT,Waters Corporation,https://www.waters.com,Diagnostics & Research,Healthcare,330.3,NOK,0
WEC,"WEC Energy Group, Inc.",https://www.wecenergygroup.com,Utilities—Regulated Electric,Utilities,83.3682,NOK,0
WFC,Wells Fargo & Company,https://www.wellsfargo.com,Banks—Diversified,Financial Services,49.62,NOK,0
WELL,Welltower Inc.,https://www.welltower.com,REIT—Healthcare Facilities,Real Estate,91.035,NOK,0
WST,"West Pharmaceutical Services, Inc.",https://www.westpharma.com,Medical Instruments & Supplies,Healthcare,355.885,NOK,0
WDC,Western Digital Corporation,https://www.westerndigital.com,Computer Hardware,Technology,52.695,NOK,0
WRK,WestRock Company,https://www.westrock.com,Packaging & Containers,Consumer Cyclical,41.745,NOK,0
WY,Weyerhaeuser Company,https://www.weyerhaeuser.com,REIT—Specialty,Real Estate,34.38,NOK,0
WHR,Whirlpool Corporation,https://www.whirlpoolcorp.com,"Furnishings, Fixtures & Appliances",Consumer Cyclical,119.49,NOK,0
WMB,"The Williams Companies, Inc.",https://www.williams.com,Oil & Gas Midstream,Energy,35.3375,NOK,0
WTW,Willis Towers Watson Public Limited Company,https://www.willistowerswatson.com,Insurance Brokers,Financial Services,239.12,NOK,0
GWW,"W.W. Grainger, Inc.",https://www.grainger.com,Industrial Distribution,Industrials,829.165,NOK,0
WYNN,"Wynn Resorts, Limited",https://www.wynnresorts.com,Resorts & Casinos,Consumer Cyclical,90.59,NOK,0
XEL,Xcel Energy Inc.,https://www.xcelenergy.com,Utilities—Regulated Electric,Utilities,62.195,NOK,0
XYL,Xylem Inc.,https://www.xylem.com,Specialty Industrial Machinery,Industrials,112.77,NOK,0
YUM,"Yum! Brands, Inc.",https://www.yum.com,Restaurants,Consumer Cyclical,129.89,NOK,0
ZBRA,Zebra Technologies Corporation,https://www.zebra.com,Communication Equipment,Technology,268.92,NOK,0
ZBH,"Zimmer Biomet Holdings, Inc.",https://www.zimmerbiomet.com,Medical Devices,Healthcare,120.47,NOK,0
ZION,"Zions Bancorporation, National Association",https://www.zionsbancorporation.com,Banks—Regional,Financial Services,44.215,NOK,0
ZTS,Zoetis Inc.,https://www.zoetis.com,Drug Manufacturers—Specialty & Generic,Healthcare,193.98,NOK,0
